Book Id,Title,Author,Author l-f,Additional Authors,ISBN,ISBN13,My Rating,Average Rating,Publisher,Binding,Number of Pages,Year Published,Original Publication Year,Date Read,Date Added,Bookshelves,Bookshelves with positions,Exclusive Shelf,My Review,Spoiler,Private Notes,Read Count,Owned Copies
5,"Harry Potter and the Prisoner of Azkaban (Harry Potter, #3)",J.K. Rowling,"Rowling, J.K.",Mary GrandPré,"=""043965548X""","=""9780439655484""",0,4.58,Scholastic Inc.,Mass Market Paperback,547,2004,1999,,2026/02/20,currently-reading,currently-reading (#3),currently-reading,,,,1,0
228021836,A Case of the Claws: Classic Tales of Feline Crime (Vintage Murders),Catherine Aird,"Aird, Catherine","Edmund Crispin, Patricia Highsmith, Ellis Peters","=""1805226096""","=""9781805226093""",0,3.65,Profile Books,Kindle Edition,96,2025,,,2026/02/20,to-read,to-read (#88),to-read,,,,0,0
1715,Metamorphoses,Ovid,"Ovid, Ovid","David Raeburn, Denis Feeney","=""014044789X""","=""9780140447897""",0,4.10,Penguin,Paperback,723,2004,8,,2026/02/20,to-read,to-read (#87),to-read,,,,0,0
15881,"Harry Potter and the Chamber of Secrets (Harry Potter, #2)",J.K. Rowling,"Rowling, J.K.",Mary GrandPré,"=""""","=""""",3,4.43,Arthur A. Levine Books,Hardcover,352,1999,1998,2026/02/16,2026/02/03,,,read,,,,1,0
18144590,The Alchemist,Paulo Coelho,"Coelho, Paulo",,"=""0062315005""","=""9780062315007""",4,3.92,HarperOne,Paperback,182,2014,1988,2026/02/10,2026/02/09,,,read,,,,1,0
25246592,The Man Who Spoke Snakish,Andrus Kivirähk,"Kivirähk, Andrus",Christopher Moseley,"=""0802124127""","=""9780802124128""",0,4.20,"Grove Press, Black Cat",Paperback,442,2015,2007,,2026/02/05,to-read,to-read (#86),to-read,,,,0,0
56465,The Gift of Fear: Survival Signals That Protect Us from Violence,Gavin de Becker,"Becker, Gavin de",,"=""0747538352""","=""9780747538356""",0,4.18,Bloomsbury Publishing PLC,Paperback,352,2000,1997,,2025/11/25,currently-reading,currently-reading (#2),currently-reading,,,,1,0
53287484,"Midnight Sun (The Twilight Saga, #5)",Stephenie Meyer,"Meyer, Stephenie",,"=""031670704X""","=""9780316707046""",2,3.75,"Little, Brown Books for Young Readers",Hardcover,662,2020,2020,2026/02/05,2025/12/10,,,read,I guess if you're a HUGE twilight fan its pretty nice to read some more 'behind the scenes' conversations but it was too long and boring to me ,,,1,0
8933944,"Harry Potter: The Prequel (Harry Potter, #0.5)",J.K. Rowling,"Rowling, J.K.",,"=""1156923441""","=""9781156923443""",3,4.08,Books LLC,ebook,3,2008,2008,2026/02/03,2026/02/03,,,read,,,,1,0
3,"Harry Potter and the Sorcerer's Stone (Harry Potter, #1)",J.K. Rowling,"Rowling, J.K.",,"=""0439554934""","=""9780439554930""",4,4.47,Scholastic Inc,Hardcover,309,2003,1997,2026/02/01,2026/01/25,,,read,,,,1,0
110384,"Romancing Mister Bridgerton (Bridgertons, #4)",Julia Quinn,"Quinn, Julia",,"=""0380820846""","=""9780380820849""",0,3.88,Avon,Mass Market Paperback,370,2002,2002,,2026/01/26,currently-reading,currently-reading (#1),currently-reading,,,,1,0
9408584,"An Offer From a Gentleman (Bridgertons, #3)",Julia Quinn,"Quinn, Julia",,"=""""","=""""",3,3.94,Avon,Paperback,390,2009,2001,2026/01/26,2026/01/21,,,read,,,,1,0
861326,"The Viscount Who Loved Me (Bridgertons, #2)",Julia Quinn,"Quinn, Julia",,"=""""","=""""",3,3.99,Avon,Mass Market Paperback,480,2006,2000,2026/01/21,2026/01/19,,,read,,,,1,0
60556912,"The Housemaid (The Housemaid, #1)",Freida McFadden,"McFadden, Freida",,"=""1803144378""","=""9781803144375""",0,4.27,Bookouture,Kindle Edition,329,2022,2022,,2026/01/20,to-read,to-read (#85),to-read,,,,0,0
110391,"The Duke and I (Bridgertons, #1)",Julia Quinn,"Quinn, Julia",,"=""0380800829""","=""9780380800827""",4,3.80,Avon Books,Mass Market Paperback,384,2006,2000,2026/01/19,2026/01/19,,,read,,,,1,0
117833,The Master and Margarita,Mikhail Bulgakov,"Bulgakov, Mikhail","Diana Lewis Burgin, Katherine Tiernan O'Connor, Ellendea Proffer, Hans Fronius, Михаил Булгаков","=""0679760806""","=""9780679760801""",0,4.28,Vintage International,Paperback,372,1996,1967,,2026/01/09,to-read,to-read (#84),to-read,,,,0,0
221349385,A Heart for Christmas: My Advent Novel,Sophie Jomain,"Jomain, Sophie",Manon Bucciarelli,"=""2898245704""","=""9782898245701""",3,2.88,Auzou Publishing LTD,Paperback,388,,2024,2025/12/25,2025/12/15,,,read,,,,1,0
213960819,"Three Bags Full (Sheep Detective Story, #1)",Leonie Swann,"Swann, Leonie","Anthea Bell, A.J. Finn","=""1641296828""","=""9781641296823""",0,3.61,Soho Crime,Paperback,384,2025,2005,,2025/12/22,to-read,to-read (#83),to-read,,,,0,0
1162543,"Breaking Dawn (The Twilight Saga, #4)",Stephenie Meyer,"Meyer, Stephenie",,"=""031606792X""","=""9780316067928""",4,3.76,"Little, Brown and Company",Hardcover,756,2008,2008,2011/01/01,2024/11/25,,,read,Secretly had too much fun met deze serie opnieuw te lezen ,,,2,0
40121378,Atomic Habits: An Easy & Proven Way to Build Good Habits & Break Bad Ones,James Clear,"Clear, James",,"=""""","=""""",3,4.32,Avery,Kindle Edition,319,2018,2018,2025/12/08,2025/12/07,,,read,,,,1,0
428263,"Eclipse (The Twilight Saga, #3)",Stephenie Meyer,"Meyer, Stephenie",,"=""0316160202""","=""9780316160209""",3,3.74,"Little, Brown and Company",Hardcover,629,2007,2007,2011/01/01,2024/11/25,,,read,,,,2,0
60049848,She and Her Cat,Makoto Shinkai,"Shinkai, Makoto","Naruki Nagakawa, Ginny Tapley Takemori","=""085752822X""","=""9780857528223""",3,3.87,Doubleday,Hardcover,156,2022,2013,2023/03/05,2023/02/08,,,read,,,,1,0
29626641,"It Ends with Us (It Ends with Us, #1)",Colleen Hoover,"Hoover, Colleen",,"=""1471156265""","=""9781471156267""",1,4.08,Simon & Schuster UK,Paperback,378,2016,2016,2023/08/14,2023/08/13,,,read,,,,1,0
58340706,"One Dark Window (The Shepherd King, #1)",Rachel Gillig,"Gillig, Rachel",,"=""0316312487""","=""9780316312486""",0,4.26,Orbit,Paperback,432,2022,2022,,2025/11/10,to-read,to-read (#82),to-read,,,,0,0
49041,"New Moon (The Twilight Saga, #2)",Stephenie Meyer,"Meyer, Stephenie",,"=""0316160199""","=""9780316160193""",3,3.62,"Little, Brown and Company",Hardcover,563,2006,2006,2011/01/01,2024/11/25,,,read,,,,2,0
58179874,"Very Bad Kings (Kingston University, #1)",J.S. Wonda,"Wonda, J.S.",,"=""""","=""""",0,3.49,,Kindle Edition,495,2021,,,2025/10/14,to-read,to-read (#81),to-read,,,,0,0
41865,"Twilight (The Twilight Saga, #1)",Stephenie Meyer,"Meyer, Stephenie",,"=""0316015849""","=""9780316015844""",4,3.68,"Little, Brown and Company",Paperback,498,2006,2005,2011/01/01,2024/11/25,,,read,unironically still love these books 15 years later hahahaah,,,2,0
217388015,Automatic Noodle,Annalee Newitz,"Newitz, Annalee",,"=""1250357462""","=""9781250357465""",0,3.73,Tordotcom,Hardcover,163,2025,2025,,2025/10/12,to-read,to-read (#80),to-read,,,,0,0
199928276,The Love of My Afterlife,Kirsty Greenwood,"Greenwood, Kirsty",,"=""0593816137""","=""9780593816134""",0,4.04,Berkley,Paperback,369,2024,2024,,2025/10/12,to-read,to-read (#79),to-read,,,,0,0
55358346,Ik weet je wachtwoord,Daniël Verlaan,"Verlaan, Daniël",,"=""9493168069""","=""9789493168060""",5,4.07,Das Mag,Paperback,347,2020,2020,2025/10/11,2024/12/01,,,read,,,,1,0
23437156,"Six of Crows (Six of Crows, #1)",Leigh Bardugo,"Bardugo, Leigh",,"=""1627792120""","=""9781627792127""",0,4.46,Henry Holt & Company,Hardcover,480,2015,2015,,2025/10/10,to-read,to-read (#78),to-read,,,,0,0
209220917,Butter,Asako Yuzuki,"Yuzuki, Asako",Polly Barton,"=""0008511683""","=""9780008511685""",0,3.45,Fourth Estate,Paperback,452,2024,2017,,2025/10/10,to-read,to-read (#77),to-read,,,,0,0
218873208,"Falling Like Leaves (Bramble Falls, #1)",Misty  Wilson,"Wilson, Misty",,"=""1665975199""","=""9781665975193""",0,3.80,Simon & Schuster,Paperback,352,2025,2025,,2025/10/10,to-read,to-read (#76),to-read,,,,0,0
227861344,"Throne of Nightmares (Prince of Sin, #3)",Kerri Maniscalco,"Maniscalco, Kerri",,"=""""","=""""",0,4.03,"Little, Brown and Company",Hardcover,,2026,2026,,2025/10/01,to-read,to-read (#75),to-read,,,,0,0
204593559,"Throne of Secrets (Prince of Sin, #2)",Kerri Maniscalco,"Maniscalco, Kerri",,"=""0316557544""","=""9780316557542""",0,3.90,"Little, Brown and Company",Hardcover,502,2024,2024,,2025/10/01,to-read,to-read (#74),to-read,,,,0,0
62809250,A War Amongst the Stars (Star-Crossed Lovers #1),Tristin Clark,"Clark, Tristin",,"=""""","=""""",0,3.53,,Kindle Edition,582,2022,,,2025/09/30,to-read,to-read (#73),to-read,,,,0,0
52122096,Manacled,SenLinYu,"SenLinYu, SenLinYu",,"=""""","=""""",0,4.62,Archive of Our Own,Hardcover,925,2018,2019,,2025/09/30,to-read,to-read (#72),to-read,,,,0,0
222490389,Alchemised,SenLinYu,"SenLinYu, SenLinYu",,"=""0593972708""","=""9780593972700""",0,4.36,Del Rey,Hardcover,1030,2025,2025,,2025/09/30,to-read,to-read (#71),to-read,,,,0,0
220255008,"The Gingerbread Bakery (Dream Harbor, #5)",Laurie Gilmore,"Gilmore, Laurie",,"=""0008728097""","=""9780008728090""",4,3.92,HarperCollins,Paperback,358,2025,2025,2025/09/29,2025/09/15,,,read,,,,1,0
213186396,"The Strawberry Patch Pancake House (Dream Harbor, #4)",Laurie Gilmore,"Gilmore, Laurie",,"=""0008713340""","=""9780008713348""",2,3.90,HarperCollins,Paperback,384,2025,2025,2025/09/15,2024/10/07,,,read,,,,1,0
236368418,"The Daisy Chain Flower Shop (Dream Harbor, #6)",Laurie Gilmore,"Gilmore, Laurie",,"=""0008761477""","=""9780008761479""",0,4.13,HarperCollins,Paperback,384,2026,2026,,2025/09/15,to-read,to-read (#70),to-read,,,,0,0
215080828,The Painter's Muse,Emmelie Arents,"Arents, Emmelie",,"=""9464945338""","=""9789464945331""",0,3.84,Hamley Books,Paperback,352,2024,,,2024/12/22,to-read,to-read (#69),to-read,,,,1,0
218225041,The Flood,Michael McDowell,"McDowell, Michael",,"=""1804996378""","=""9781804996379""",0,3.69,Penguin,Paperback,211,2024,1983,,2025/02/09,to-read,to-read (#68),to-read,,,,1,0
123368729,"Slaying the Vampire Conqueror (Crowns of Nyaxia, #2.5)",Carissa Broadbent,"Broadbent, Carissa",,"=""""","=""""",0,4.11,Amazon Digital Services,Kindle Edition,369,2023,2023,,2025/06/29,to-read,to-read (#67),to-read,,,,1,0
141247819,"A Broken Throne of Bronze (Of Metals and Curses, #1)",Renna Ashley,"Ashley, Renna",,"=""""","=""""",0,3.37,Independently Published,Kindle Edition,541,2023,2023,,2025/09/10,to-read,to-read (#66),to-read,,,,0,0
128123545,Death's Obsession,Avina St. Graves,"Graves, Avina St.",,"=""""","=""""",0,3.50,,ebook,178,2023,2023,,2025/09/07,to-read,to-read (#65),to-read,,,,0,0
84892045,"Heartless (Chestnut Springs, #2)",Elsie Silver,"Silver, Elsie",,"=""0349437696""","=""9780349437699""",2,4.36,Piatkus,Kindle Edition,462,2023,2022,2025/08/29,2025/08/25,,,read,"Drink everytime you read ""she rolled her lips"" or him ""scowling"". Also surprise pregnancy trope ? yeahhh... not for me",true,,1,0
222139705,"Dream by the Shadows (The Shadow Weavers Duology, #1)",Logan Karlie,"Karlie, Logan",,"=""0316587745""","=""9780316587747""",0,3.46,Christy Ottaviano Books,Hardcover,352,2025,2023,,2025/08/28,to-read,to-read (#64),to-read,,,,0,0
223707918,"You've Found Oliver (You've Reached Sam, #2)",Dustin Thao,"Thao, Dustin",,"=""0593858476""","=""9780593858479""",0,3.91,Dutton Books for Young Readers,Hardcover,288,2025,2025,,2025/08/27,to-read,to-read (#63),to-read,,,,0,0
202468425,"The Full Moon Coffee Shop (The Full Moon Coffee Shop, #1)",Mai Mochizuki,"Mochizuki, Mai",Jesse Kirkwood,"=""0593726820""","=""9780593726822""",4,3.59,Ballantine Books,Hardcover,240,2024,2020,2025/07/23,2024/10/11,,,read,,,,1,0
58098905,SAKAMOTO DAYS 3,Yuto Suzuki,"Suzuki, Yuto",鈴木祐斗,"=""4088827635""","=""9784088827636""",0,4.32,集英社,Paperback,192,2021,2021,2025/06/30,2025/06/30,,,read,,,,1,0
57557794,SAKAMOTO DAYS 2,Yuto Suzuki,"Suzuki, Yuto",鈴木祐斗,"=""408882685X""","=""9784088826851""",0,4.28,集英社,Paperback,192,2021,2021,2025/06/28,2025/06/29,,,read,,,,1,0
55980428,SAKAMOTO DAYS 1,Yuto Suzuki,"Suzuki, Yuto",鈴木祐斗,"=""4088826574""","=""9784088826578""",0,4.25,集英社,Paperback,192,2021,2021,2025/06/28,2025/06/29,,,read,,,,1,0
30027208,"Nekogahara: Stray Cat Samurai, Vol. 2",Hiroyuki Takei,"Takei, Hiroyuki",,"=""1632363968""","=""9781632363961""",0,3.63,Kodansha Comics,Paperback,180,2017,,2025/04/30,2025/06/29,,,read,,,,1,0
29844807,"Nekogahara: Stray Cat Samurai, Vol. 1",Hiroyuki Takei,"Takei, Hiroyuki",,"=""1632363658""","=""9781632363657""",0,3.55,Kodansha Comics,Paperback,182,2016,2016,2025/04/30,2025/06/29,,,read,,,,1,0
53972440,Three Days of Happiness,Sugaru Miaki,"Miaki, Sugaru",,"=""""","=""""",0,4.35,,ebook,223,,2013,2025/04/28,2025/06/29,,,read,,,,1,0
213960809,Cat + Gamer Volume 7,Wataru Nadatani,"Nadatani, Wataru","Susie Lee, Zack Davisson","=""1506736661""","=""9781506736662""",0,4.38,Dark Horse Manga,Paperback,160,2025,2022,2025/04/21,2025/06/29,,,read,,,,1,0
205807467,Cat + Gamer Volume 6,Wataru Nadatani,"Nadatani, Wataru","Susie Lee, Zack Davisson","=""1506736653""","=""9781506736655""",0,4.37,Dark Horse Manga,Paperback,168,2024,2021,2025/04/21,2025/06/29,,,read,,,,1,0
168702366,Cat + Gamer Volume 4,Wataru Nadatani,"Nadatani, Wataru","Zack Davisson, Susie Lee","=""1506736637""","=""9781506736631""",0,4.41,Dark Horse Manga,Paperback,168,2024,2020,2025/03/01,2025/06/29,,,read,,,,1,0
59408550,Cat + Gamer Volume 2,Wataru Nadatani,"Nadatani, Wataru",,"=""1506727425""","=""9781506727424""",0,4.32,Dark Horse Manga,Paperback,176,2022,2019,2025/02/01,2025/06/29,,,read,,,,1,0
58671043,Cat + Gamer Volume 1,Wataru Nadatani,"Nadatani, Wataru",Zack Davisson,"=""""","=""""",0,4.17,Dark Horse Manga,,200,2022,2019,2025/02/01,2025/06/29,,,read,,,,1,0
83823541,Cat + Gamer Volume 3,Wataru Nadatani,"Nadatani, Wataru",,"=""1506727433""","=""9781506727431""",0,4.33,Dark Horse Manga,Paperback,168,2023,2020,2025/03/01,2025/06/29,,,read,,,,1,0
138358709,A Ship of Bones and Teeth,Karina Halle,"Halle, Karina",,"=""""","=""""",0,3.74,Metal Blonde Books,Kindle Edition,442,2023,2023,,2025/06/15,to-read,to-read (#62),to-read,,,,0,0
220592349,"Best Wishes from The Full Moon Coffee Shop (The Full Moon Coffee Shop, #2)",Mai Mochizuki,"Mochizuki, Mai",Jordan      Taylor,"=""1914240995""","=""9781914240997""",0,3.85,Brazen,Hardcover,320,2025,2021,,2025/06/13,to-read,to-read (#61),to-read,,,,0,0
36430011,"You (You, #1)",Caroline Kepnes,"Kepnes, Caroline",,"=""1501195433""","=""9781501195433""",0,3.96,Atria/Emily Bestler Books,Paperback,464,2018,2014,,2025/05/20,to-read,to-read (#60),to-read,,,,0,0
199531917,"The Survivor Wants to Die at the End (They Both Die at the End, #2)",Adam Silvera,"Silvera, Adam",,"=""0063240858""","=""9780063240858""",0,3.95,Quill Tree Books,Hardcover,720,2025,2025,,2025/05/06,to-read,to-read (#59),to-read,,,,0,0
220287154,"The Kiss of Deception (The Remnant Chronicles, #1)",Mary E. Pearson,"Pearson, Mary E.",,"=""""","=""""",0,3.91,Henry Holt and Co. ,Kindle Edition,497,2024,2014,,2025/04/23,to-read,to-read (#58),to-read,,,,0,0
210664914,Alpha Inmate,Liliana Carlisle,"Carlisle, Liliana",,"=""""","=""""",0,3.26,Independently Published,Kindle Edition,183,2023,2021,,2025/04/23,to-read,to-read (#57),to-read,,,,0,0
25616802,Introduction to Networking: How the Internet Works,Charles Severance,"Severance, Charles","Sue Blumenberg, Mauro Toselli","=""""","=""""",5,4.38,Charles Severance,Kindle Edition,151,2015,2015,2025/03/05,2025/03/01,,,read,,,,1,0
22550263,The Irresistable Blueberry Bake Shop and Cafe,Mary Simses,"Simses, Mary",,"=""""","=""""",0,3.50,,Unknown Binding,,,2013,,2025/03/02,to-read,to-read (#56),to-read,,,,0,0
222754486,Ten. De Jaarling,Lorena Veldhuijzen,"Veldhuijzen, Lorena",,"=""9044855638""","=""9789044855630""",0,3.80,Clavis Uitgeverij,Hardcover,341,2025,2025,,2025/03/02,to-read,to-read (#55),to-read,,,,0,0
55127740,"Kingdom of the Wicked (Kingdom of the Wicked, #1)",Kerri Maniscalco,"Maniscalco, Kerri",,"=""1529350468""","=""9781529350463""",5,3.86,Hodder & Stoughton,Kindle Edition,360,2020,2020,2023/09/27,2023/09/21,,,read,"This book, guys, I don't know how she did it, but it must have crack in it somewhere. It had me from the very first page to the very last. I was so sucked in I would've read it in one go if I had had the time. The atmosphere was absolutely on point, with the witchy vibes arriving just in time for Autumn. <br/><br/>I really liked the way the seven sins are represented as the princes and their households. While we didn't get an extensive backstory or information about them in this book, it left me curious for more in-depth exploration in the next book.<br/><br/>I loved the chemistry between Emilia and Wrath. What's not to like about a brooding though handsome MC who's evil towards everyone but has a soft spot for this one girl? It's a very slow burn, though, so you have to be patient. It reminded me a lot of the Folk of the Air series by Holly Black. If Jude and Cardan did it for you, you're gonna love this one.<br/><br/>But here's the one thing I HATED - the ending! Now I have to pick up the next book ASAP, which is annoying because I have so many other books on my TBR waiting to be read, and I'm also on a shopping ban ",,,1,1
221609337,"Nightshade (Sorrowsong University, #1)",Autumn  Woods,"Woods, Autumn",,"=""""","=""""",0,4.09,,Kindle Edition,359,2025,2025,,2025/02/17,to-read,to-read (#54),to-read,,,,0,0
52381770,"Network Effect (The Murderbot Diaries, #5)",Martha Wells,"Wells, Martha",,"=""""","=""""",4,4.46,Tor.com,Hardcover,350,2020,2020,2025/02/11,2025/01/09,,,read,,,,1,0
203325526,"Wings So Wicked (Golden City, #1)",Emily Blackwood,"Blackwood, Emily",,"=""""","=""""",0,3.71,,Kindle Edition,436,2024,2024,,2025/02/10,to-read,to-read (#53),to-read,,,,0,0
198404761,"Keeping 13 (Boys of Tommen, #2)",Chloe Walsh,"Walsh, Chloe",,"=""0349439273""","=""9780349439273""",4,4.52,Piatkus,Paperback,802,2023,2018,2025/02/02,2025/01/19,,,read,,,,1,0
209823376,No Place Left to Hide,Megan Lally,"Lally, Megan",,"=""1728270146""","=""9781728270142""",0,3.56,Sourcebooks Fire,Paperback,259,2025,2025,,2025/01/31,to-read,to-read (#52),to-read,,,,0,0
123429195,That's Not My Name,Megan Lally,"Lally, Megan",,"=""1728270111""","=""9781728270111""",5,4.05,Sourcebooks Fire,Paperback,297,2023,2023,2025/01/29,2025/01/16,,,read,,,,1,0
204802999,"Untitled (The Empyrean, #4)",Rebecca Yarros,"Yarros, Rebecca",,"=""""","=""""",0,4.48,,Hardcover,,,,,2025/01/28,to-read,to-read (#51),to-read,,,,0,0
209439446,"Onyx Storm (The Empyrean, #3)",Rebecca Yarros,"Yarros, Rebecca",,"=""1649374186""","=""9781649374189""",5,4.21,Red Tower Books,Hardcover,544,2025,2025,2025/01/28,2024/07/13,,,read,,,,1,0
182555432,"Binding 13 (Boys of Tommen, #1)",Chloe Walsh,"Walsh, Chloe",,"=""""","=""""",4,4.45,"Little, Brown Books for Young Readers",Kindle Edition,887,2023,2018,2025/01/19,2024/09/02,,,read,"""The End"" ....... THE END ???!!!! jail for ending a book like this.",,,1,0
209752701,The Extraordinary Disappointments of Leopold Berry (Sunderworld #1),Ransom Riggs,"Riggs, Ransom",,"=""0593530934""","=""9780593530931""",0,3.92,Dutton Books for Young Readers,Hardcover,336,2024,2024,,2025/01/17,to-read,to-read (#50),to-read,,,,0,0
222025029,This Song Is (Not) For You,Laura Nowlin,"Nowlin, Laura",,"=""1464218781""","=""9781464218781""",0,2.48,Sourcebooks Fire,Paperback,256,2024,2016,,2025/01/16,to-read,to-read (#49),to-read,,,,0,0
17157434,"Howl's Moving Castle (Howl's Moving Castle, #1)",Diana Wynne Jones,"Jones, Diana Wynne",,"=""""","=""""",0,4.28,Harper Collins Children's eBooks,Kindle Edition,320,2012,1986,,2024/07/18,to-read,to-read (#32),to-read,,,,0,0
3304393,"Kissed by an Angel (Kissed by an Angel, #1)",Elizabeth Chandler,"Chandler, Elizabeth",,"=""0671891456""","=""9780671891459""",0,3.72,Archway,Paperback,240,1995,1995,,2025/01/13,to-read,to-read (#48),to-read,,,,0,0
57623348,"Home: Habitat, Range, Niche, Territory (The Murderbot Diaries, #4.5)",Martha Wells,"Wells, Martha",,"=""125083886X""","=""9781250838865""",3,4.10,Tor Books,ebook,19,2021,2020,2025/01/09,2025/01/09,,,read,,,,1,0
35519109,"Exit Strategy (The Murderbot Diaries, #4)",Martha Wells,"Wells, Martha",,"=""""","=""""",4,4.36,Tordotcom,Kindle Edition,172,2018,2018,2025/01/09,2025/01/08,,,read,,,,1,0
35519101,"Rogue Protocol (The Murderbot Diaries, #3)",Martha Wells,"Wells, Martha",,"=""1250191785""","=""9781250191786""",4,4.24,Tor.com,Hardcover,159,2018,2018,2025/01/08,2024/12/30,,,read,,,,1,0
53086843,"You've Reached Sam (You've Reached Sam, #1)",Dustin Thao,"Thao, Dustin",,"=""1250762030""","=""9781250762030""",5,3.61,Wednesday Books,Hardcover,296,2021,2021,2025/01/06,2023/02/21,,,read,What. A. Book. Cried like a little baby ,,,1,0
10772903,Those Across the River,Christopher Buehlman,"Buehlman, Christopher",,"=""0441020674""","=""9780441020676""",0,3.71,Ace Hardcover,Hardcover,357,2011,2011,,2025/01/05,to-read,to-read (#47),to-read,,,,0,0
58527403,"Magnolia Parks (Magnolia Parks Universe, #1)",Jessa Hastings,"Hastings, Jessa",,"=""1737281198""","=""9781737281191""",0,3.64,,Kindle Edition,423,2021,2021,,2024/12/30,to-read,to-read (#46),to-read,,,,0,0
158875813,Prophet Song,Paul    Lynch,"Lynch, Paul",,"=""""","=""""",0,4.03,Oneworld Publications,ebook,259,2023,2023,,2024/12/30,to-read,to-read (#45),to-read,,,,0,0
36223860,"Artificial Condition (The Murderbot Diaries, #2)",Martha Wells,"Wells, Martha",,"=""""","=""""",4,4.25,Tor.com,Hardcover,158,2018,2018,2024/12/30,2024/12/29,,,read,,,,1,0
32758901,"All Systems Red (The Murderbot Diaries, #1)",Martha Wells,"Wells, Martha",,"=""""","=""""",4,4.11,Tor.com,ebook,144,2017,2017,2024/12/29,2024/12/27,,,read,,,,1,0
195264190,"Compulsory (The Murderbot Diaries, #0.5)",Martha Wells,"Wells, Martha",,"=""1645241726""","=""9781645241720""",3,4.30,Subterranean Press,Kindle Edition,8,2023,2018,2024/12/29,2024/12/29,,,read,,,,1,0
59808196,When Haru Was Here,Dustin Thao,"Thao, Dustin",,"=""1250762065""","=""9781250762061""",0,3.79,Wednesday Books,Hardcover,304,2024,2024,,2024/12/25,to-read,to-read (#44),to-read,,,,0,0
220389090,"Only Santas in the Building (Under the Mistletoe Collection, #5)",Alexis Daria,"Daria, Alexis",,"=""1662529376""","=""9781662529375""",2,3.35,Amazon Original Stories,Kindle Edition,64,2024,2024,2024/12/23,2024/12/23,,,read,,,,1,0
50542352,Surrounded by Idiots,Thomas Erikson,"Erikson, Thomas",,"=""1250179939""","=""9781250179937""",3,3.51,St Martin's Essentials,Paperback,304,2020,2014,2024/12/17,2024/12/11,,,read,,,,1,0
199346768,"Under the Oak Tree, Vol. 1",Suji Kim,"Kim, Suji",,"=""0593871197""","=""9780593871195""",0,3.70,Inklore,Hardcover,496,2024,2024,,2024/12/15,to-read,to-read (#43),to-read,,,,0,0
220389455,"All by My Elf (Under the Mistletoe Collection, #3)",Olivia Dade,"Dade, Olivia",,"=""166252823X""","=""9781662528231""",1,2.58,Amazon Original Stories,Kindle Edition,54,2024,2024,2024/12/11,2024/12/09,,,read,,,,1,0
58028296,The Song of Achilles,Madeline Miller,"Miller, Madeline",,"=""1408891387""","=""9781408891384""",5,4.30,Bloomsbury Publishing,Paperback,352,2017,2011,2023/09/10,2023/02/23,,,read,,,,1,0
220389465,"Merry Ever After (Under the Mistletoe Collection, #2)",Tessa Bailey,"Bailey, Tessa",,"=""1662528736""","=""9781662528736""",1,2.79,Amazon Original Stories,Kindle Edition,58,2024,2024,2024/12/09,2024/12/09,,,read,,,,1,0
220389458,"Cruel Winter with You (Under the Mistletoe Collection, #1)",Ali Hazelwood,"Hazelwood, Ali",,"=""1662528396""","=""9781662528392""",2,3.68,Amazon Original Stories,Kindle Edition,72,2024,2024,2024/12/08,2024/12/07,,,read,,,,1,0
40772063,"The Lost Sisters (The Folk of the Air, #1.5)",Holly Black,"Black, Holly",,"=""""","=""9780316310444""",3,3.34,NOVL,Kindle Edition,50,2018,2018,2024/12/02,2024/02/07,,,read,,,,1,0
211081092,"The Traitor Queen (The Bridge Kingdom, #2)",Danielle L. Jensen,"Jensen, Danielle L.",,"=""0593975219""","=""9780593975213""",0,4.22,Del Rey,Paperback,416,2024,2020,,2024/12/01,to-read,to-read (#42),to-read,,,,0,0
211081101,"The Bridge Kingdom (The Bridge Kingdom, #1)",Danielle L. Jensen,"Jensen, Danielle L.",,"=""0593975189""","=""9780593975183""",4,4.04,Del Rey,Paperback,448,2024,2018,2024/12/01,2024/11/25,,,read,,,,1,0
60898485,The Ice Dragon,George R.R. Martin,"Martin, George R.R.",,"=""0008518777""","=""9780008518776""",3,3.74,HarperVoyager,Paperback,120,2022,1980,2024/12/01,2024/12/01,,,read,,,,1,0
221388147,Stranger in the Woods,Anni Taylor,"Taylor, Anni",,"=""""","=""""",2,3.95,,Kindle Edition,406,2024,2018,2024/12/01,2024/11/26,,,read,,,,1,0
210395729,Our Infinite Fates,Laura   Steven,"Steven, Laura",,"=""1250333881""","=""9781250333889""",0,3.66,Wednesday Books,Hardcover,352,2025,2025,,2024/11/30,to-read,to-read (#41),to-read,,,,0,0
7937462,"The Short Second Life of Bree Tanner (The Twilight Saga, #3.5)",Stephenie Meyer,"Meyer, Stephenie",,"=""031612558X""","=""9780316125581""",0,3.52,"Little, Brown and Company",Hardcover,178,2010,2009,2011/01/01,2024/11/25,,,read,,,,1,0
201017011,"Lights Out (Into Darkness, #1)",Navessa Allen,"Allen, Navessa",,"=""""","=""""",0,4.09,,Kindle Edition,338,2024,2024,2024/11/25,2024/11/21,,,read,,,,1,0
49551172,"The Reckoning (Zodiac Academy, #3)",Caroline Peckham,"Peckham, Caroline",Susanne Valenti,"=""""","=""""",4,4.33,King's Hollow,Kindle Edition,562,2019,2019,2024/11/19,2024/10/16,the-zodiac-academy-reading-order,the-zodiac-academy-reading-order (#3),read,,,,1,0
49646047,"Origins of an Academy Bully (Zodiac Academy, #0.5)",Caroline Peckham,"Peckham, Caroline",Susanne Valenti,"=""""","=""""",3,3.73,Independently Published,Kindle Edition,94,2019,2019,2024/07/22,2024/07/22,the-zodiac-academy-reading-order,the-zodiac-academy-reading-order (#4),read,,,,1,0
46261182,"The Awakening (Zodiac Academy, #1)",Caroline Peckham,"Peckham, Caroline",Susanne Valenti,"=""""","=""""",3,3.82,Dark Ink Publishing,Kindle Edition,436,2019,2019,2024/08/11,2024/07/23,the-zodiac-academy-reading-order,the-zodiac-academy-reading-order (#1),read,,,,1,0
51966347,"Ruthless Fae (Zodiac Academy, #2)",Caroline Peckham,"Peckham, Caroline",Susanne Valenti,"=""""","=""""",5,4.20,King's Hollow,Kindle Edition,475,2019,2019,2024/09/08,2024/08/13,the-zodiac-academy-reading-order,the-zodiac-academy-reading-order (#2),read,,,,1,0
62335396,"The Ashes & the Star-Cursed King (Crowns of Nyaxia, #2)",Carissa Broadbent,"Broadbent, Carissa",,"=""""","=""""",2,4.06,,Kindle Edition,626,2023,2023,2024/11/17,2024/07/15,,,read,,,,1,0
206318178,"The Christmas Tree Farm (Dream Harbor, #3)",Laurie Gilmore,"Gilmore, Laurie",,"=""0008610738""","=""9780008610739""",3,3.65,HarperCollins,ebook,369,2024,2024,2024/11/11,2024/10/07,,,read,,,,1,0
59986018,"The Book of Azrael (Gods & Monsters, #1)",Amber V. Nicole,"Nicole, Amber V.",,"=""""","=""""",0,4.12,Rose and Star Publishing,Kindle Edition,572,2022,2022,,2024/11/10,to-read,to-read (#40),to-read,,,,0,0
208430658,Blood Over Bright Haven,M.L. Wang,"Wang, M.L.",,"=""0593873351""","=""9780593873359""",0,4.33,Del Rey,Hardcover,428,2024,2023,,2024/10/25,to-read,to-read (#39),to-read,,,,0,0
57426932,Gothikana,RuNyx,"RuNyx, RuNyx",,"=""""","=""""",0,3.75,,Kindle Edition,456,2021,2021,,2024/10/11,to-read,to-read (#38),to-read,,,,0,0
196241667,"The Cinnamon Bun Book Store (Dream Harbor, #2)",Laurie Gilmore,"Gilmore, Laurie",,"=""""","=""""",3,3.69,One More Chapter,ebook,384,2024,2024,2024/10/07,2024/09/08,,,read,,,,1,0
123027751,"Six Scorched Roses (Crowns of Nyaxia, #1.5)",Carissa Broadbent,"Broadbent, Carissa",,"=""""","=""""",5,4.23,,Kindle Edition,187,2023,2023,2024/10/04,2024/10/03,,,read,,,,1,0
60714999,"The Serpent and the Wings of Night (Crowns of Nyaxia, #1)",Carissa Broadbent,"Broadbent, Carissa",,"=""""","=""""",4,4.26,Independently Published,Kindle Edition,504,2022,2022,2024/10/03,2024/07/15,,,read,,,,1,0
215080759,The Last Days of Holly Hayes,Sandra J. Paul,"Paul, Sandra J.",,"=""9464945311""","=""9789464945317""",3,3.16,Hamley Books,Paperback,480,2024,,2024/09/29,2024/09/28,,,read,,,,1,0
200776933,After the Forest,Kell Woods,"Woods, Kell",,"=""1803367733""","=""9781803367736""",3,3.79,Titan Books,Hardcover,480,2023,2023,2024/09/28,2024/07/13,,,read,,,,1,0
200736890,Dead Girls Don't Talk,Sandra J. Paul,"Paul, Sandra J.",,"=""9464661607""","=""9789464661606""",0,3.32,Hamley Books,Paperback,480,2023,,,2024/09/28,to-read,to-read (#37),to-read,,,,0,0
56651967,"King of Battle and Blood (Adrian x Isolde, #1)",Scarlett St.  Clair,"Clair, Scarlett St.",,"=""""","=""9781728258416""",0,3.70,Bloom Books,Paperback,391,2021,2021,,2024/09/19,to-read,to-read (#36),to-read,,,,0,0
61231165,Erica: De motor achter de Meilandjes,Jan Dijkgraaf,"Dijkgraaf, Jan",Erica Renkema,"=""9083096661""","=""9789083096667""",2,3.04,Osjato,Kindle Edition,340,2021,2021,2024/09/17,2024/09/02,,,read,,,,1,0
199361308,The Ghost Cat,Alex   Howard,"Howard, Alex",,"=""1335012338""","=""9781335012333""",4,3.48,Hanover Square Press,Hardcover,272,2024,2023,2024/09/16,2024/09/11,,,read,,,,1,0
55531784,"Martien, van burgemeesterzoontje tot kasteelheer",Jan Dijkgraaf,"Dijkgraaf, Jan",Martien Meiland,"=""9083096645""","=""9789083096643""",3,3.10,Uitgeverij Osjato,Paperback,350,2020,2020,2024/09/01,2023/04/27,,,read,,,,1,0
124926616,"Maxime – Misbruikt, ontspoord en nu… gelukkig!",Jan Dijkgraaf,"Dijkgraaf, Jan",Maxime Meiland,"=""8908309667""","=""9789083096681""",0,3.16,Uitgeverij Osjato,Hardcover,256,2023,2023,,2024/09/02,to-read,to-read (#35),to-read,,,,0,0
49084724,Credence,Penelope Douglas,"Douglas, Penelope",,"=""1660089050""","=""9781660089055""",0,3.67,Independently published,Paperback,470,2020,2020,2024/08/24,2024/08/14,,,read,,,,1,0
59050133,"Hunting Adeline (Cat and Mouse, #2)",H.D. Carlton,"Carlton, H.D.",,"=""""","=""""",0,4.07,,Kindle Edition,684,2022,2022,,2023/08/15,to-read,to-read (#14),to-read,,,,0,0
29502646,"In Too Deep (Roommates Trilogy, #1)",Mara Jacobs,"Jacobs, Mara",,"=""""","=""""",2,3.49,Copper Country Press,Kindle Edition,236,2016,2014,2024/08/14,2024/08/12,,,read,,,,1,0
58014893,Every Summer After,Carley Fortune,"Fortune, Carley",,"=""""","=""""",0,4.17,Berkley,Paperback,320,2022,2022,,2024/08/14,to-read,to-read (#34),to-read,,,,0,0
61797464,Meet Me at the Lake,Carley Fortune,"Fortune, Carley",,"=""0735243786""","=""9780735243781""",0,3.68,Viking,Paperback,336,2023,2023,,2024/08/14,to-read,to-read (#33),to-read,,,,0,0
199025935,"How to Choose a Guy in 10 Days (Chick Flick Club, #1)",Lila Monroe,"Monroe, Lila",,"=""""","=""""",2,3.58,Lila Monroe Books,Kindle Edition,258,2018,2018,2024/08/06,2024/07/24,,,read,,,,1,0
31847592,"Twist Me (Twist Me, #1)",Anna Zaires,"Zaires, Anna",,"=""""","=""""",0,3.84,Mozaika Publications,ebook,312,2016,2014,2024/08/03,2024/07/29,,,read,,,,1,0
62047992,"Days at the Morisaki Bookshop (Days at the Morisaki Bookshop, #1)",Satoshi Yagisawa,"Yagisawa, Satoshi",Eric Ozawa,"=""0063278677""","=""9780063278677""",3,3.63,Harper Perennial,Paperback,150,2023,2010,2024/07/30,2024/07/29,,,read,,,,1,0
34369803,If We Were Villains,M.L. Rio,"Rio, M.L.",,"=""1785656473""","=""9781785656477""",0,4.08,Titan Books,Paperback,422,2017,2017,2024/07/29,2024/07/29,,,read,Not for me at all ,,,1,0
34850930,Thor,Wayne Smith,"Smith, Wayne",,"=""""","=""""",5,4.33,,Kindle Edition,327,,1992,2024/07/23,2024/07/20,,,read,"One of my first books I've owned since I was a kid, probably read this one 15+ times in the past. It's been a while since last time but after all these years it still managed to keep me hooked. <br/>",,,1,0
13612739,"Seduced in the Dark (The Dark Duet, #2)",C.J. Roberts,"Roberts, C.J.",,"=""""","=""""",0,4.27,Neurotica Books,Kindle Edition,505,2012,2012,2024/07/21,2024/07/21,,,read,,,,1,0
12513614,"Captive in the Dark (The Dark Duet, #1)",C.J. Roberts,"Roberts, C.J.",,"=""""","=""""",0,3.93,CJ Roberts,Nook,276,2011,2011,2024/07/17,2024/07/17,,,read,,,,1,0
44054122,"Imagine Me (Shatter Me, #6)",Tahereh Mafi,"Mafi, Tahereh",,"=""006267644X""","=""9780062676443""",0,4.01,HarperCollins,ebook,450,2020,2020,,2024/03/12,to-read,to-read (#31),to-read,,,,1,0
62621489,The Birdcage Library,Freya Berry,"Berry, Freya",,"=""1472276353""","=""9781472276353""",0,3.78,Headline Review,Hardcover,400,2023,2023,,2023/10/19,to-read,to-read (#30),to-read,,,,1,0
210134467,"The Songbird & the Heart of Stone (Crowns of Nyaxia, #3)",Carissa Broadbent,"Broadbent, Carissa",,"=""""","=""""",0,4.04,Bramble Romance,Kindle Edition,498,2024,2024,,2024/07/15,to-read,to-read (#29),to-read,,,,0,0
90202302,"Iron Flame (The Empyrean, #2)",Rebecca Yarros,"Yarros, Rebecca",,"=""1649374178""","=""9781649374172""",5,4.36,Entangled: Red Tower Books,Hardcover,623,2023,2023,2024/07/13,2024/06/23,,,read,,,,1,0
178858474,Driving My Obsession (Ride or Die Romances),Lauren Biel,"Biel, Lauren",,"=""""","=""""",0,3.60,Lauren Biel,Kindle Edition,312,2023,,2024/07/08,2024/07/08,,,read,,,,1,0
61431922,"Fourth Wing (The Empyrean, #1)",Rebecca Yarros,"Yarros, Rebecca",,"=""1649374046""","=""9781649374042""",4,4.57,Entangled: Red Tower Books,Hardcover,517,2023,2023,2024/06/23,2023/08/23,,,read,,,,1,0
43514655,"Reveal Me (Shatter Me, #5.5)",Tahereh Mafi,"Mafi, Tahereh",,"=""""","=""""",3,3.96,Storytide,Kindle Edition,112,2019,2019,2024/03/12,2024/02/25,,,read,,,,1,0
34992959,"Defy Me (Shatter Me, #5)",Tahereh Mafi,"Mafi, Tahereh",,"=""0062676393""","=""9780062676399""",4,4.26,HarperTeen,Hardcover,357,2019,2019,2024/02/25,2024/02/24,,,read,,,,1,0
40863452,"Shadow Me (Shatter Me, #4.5)",Tahereh Mafi,"Mafi, Tahereh",,"=""0062906267""","=""9780062906267""",3,3.96,HarperCollins,Kindle Edition,69,2019,2019,2024/02/24,2024/02/23,,,read,,,,1,0
34992929,"Restore Me (Shatter Me, #4)",Tahereh Mafi,"Mafi, Tahereh",,"=""0062676369""","=""9780062676368""",3,4.13,HarperCollins,Hardcover,448,2018,2018,2024/02/23,2024/02/18,,,read,,,,1,0
13188676,"Ignite Me (Shatter Me, #3)",Tahereh Mafi,"Mafi, Tahereh",,"=""006208559X""","=""9780062085597""",4,4.45,HarperCollins ,Kindle Edition,408,2014,2014,2024/02/18,2024/02/10,,,read,,,,1,0
17331518,"Fracture Me (Shatter Me, #2.5)",Tahereh Mafi,"Mafi, Tahereh",,"=""0062284835""","=""9780062284839""",2,3.33,HarperCollins,Kindle Edition,72,2013,2013,2024/02/10,2024/02/10,,,read,,,,1,0
13104080,"Unravel Me (Shatter Me, #2)",Tahereh Mafi,"Mafi, Tahereh",,"=""0062085530""","=""9780062085535""",4,4.10,HarperCollins ,Hardcover,480,2013,2013,2024/02/10,2024/01/05,,,read,,,,1,0
6435131,De Japanse tuin,Pieter Aspe,"Aspe, Pieter",,"=""9022317293""","=""9789022317297""",2,2.81,Manteau,Paperback,121,2002,2002,2024/02/07,2024/02/07,,,read,,,,1,0
61198133,"The Stolen Heir (The Stolen Heir Duology, #1)",Holly Black,"Black, Holly",,"=""0316592706""","=""9780316592703""",0,3.92,"Little, Brown Books for Young Readers",Hardcover,356,2023,2023,,2024/02/07,to-read,to-read (#28),to-read,,,,0,0
15984666,De dag dat we Andy zijn arm afzaagden,Marnix Peeters,"Peeters, Marnix",,"=""9085423910""","=""9789085423911""",4,3.48,De Bezige Bij,Paperback,297,2012,2012,2024/01/28,2024/01/03,,,read,,,,1,0
65916344,"Holly (Holly Gibney, #3)",Stephen  King,"King, Stephen",,"=""1668016133""","=""9781668016138""",0,4.07,Scribner,Hardcover,449,2023,2023,,2024/01/22,to-read,to-read (#27),to-read,,,,0,0
61337597,"The House Witch (The House Witch, #1)",Delemhach,"Delemhach, Delemhach",,"=""1039410243""","=""9781039410244""",0,4.10,Podium Publishing,Kindle Edition,658,2022,2022,,2024/01/19,to-read,to-read (#26),to-read,,,,0,0
13623150,"Destroy Me (Shatter Me, #1.5)",Tahereh Mafi,"Mafi, Tahereh",,"=""0062208195""","=""9780062208194""",3,3.94,Harper,Kindle Edition,111,2012,2012,2024/01/05,2024/01/04,,,read,,,,1,0
13455782,"Shatter Me (Shatter Me, #1)",Tahereh Mafi,"Mafi, Tahereh",,"=""0062085506""","=""9780062085504""",4,3.84,HarperCollins,Paperback,338,2012,2011,2024/01/04,2023/05/23,,,read,,,,1,0
33532,Dracula,Bram Stoker,"Stoker, Bram",,"=""014062063X""","=""9780140620634""",0,4.02,Penguin Books,Paperback,449,1994,1897,,2023/03/03,to-read,to-read (#25),to-read,,,,0,0
60105524,Galatea,Madeline Miller,"Miller, Madeline",,"=""1526652064""","=""9781526652065""",3,3.93,Bloomsbury,Hardcover,56,2022,2013,2023/12/27,2023/12/27,,,read,,,,1,0
139391940,"The Pumpkin Spice Café (Dream Harbor, #1)",Laurie Gilmore,"Gilmore, Laurie",,"=""0008610665""","=""9780008610661""",3,3.36,HarperCollins,Kindle Edition,376,2023,2023,2023/12/23,2023/09/19,,,read,Stardew Valley X Gilmore Girls in a book,,,1,0
54626426,"A Game of Fate (Hades Saga, #1)",Scarlett St.  Clair,"Clair, Scarlett St.",,"=""""","=""""",3,3.97,,ebook,379,2020,2020,2023/12/21,2023/12/11,,,read,,,,1,0
58545703,"Hooked (Never After, #1)",Emily McIntire,"McIntire, Emily",,"=""173750832X""","=""9781737508328""",3,3.77,"McIntire Publishing, Co.",Kindle Edition,312,2021,2021,2023/12/07,2023/11/29,,,read,,,,1,0
59364173,I'm Glad My Mom Died,Jennette McCurdy,"McCurdy, Jennette",,"=""""","=""""",4,4.43,Simon & Schuster,ebook,320,2022,2022,2023/11/29,2023/11/08,,,read,,,,1,0
57917042,"Anatomy: A Love Story (The Anatomy Duology, #1)",Dana Schwartz,"Schwartz, Dana",,"=""""","=""""",5,3.84,Wednesday Books,Hardcover,338,2022,2022,2023/11/28,2023/09/25,,,read,"I'm so in love with this book! The dark academia vibes, the historical setting, the empowering female main character! I was hooked, even through my lack of time to read. And since I visited Edinburgh recently, reading about familiar places made it even better. I felt like I was back there as I went through the story. <br/><br/>Hazel Sinnett, our fearless protagonist, dreams of being a surgeon more than getting married. After getting barred from medical lectures for her gender, she strikes a deal with renowned surgeon Dr. Beecham: pass a medical exam to continue her career. Without formal lessons, Hazel needs corpses, and Jack, a grave-digger, fits the bill. However, they face more than anatomical challenges—mysterious disappearances and a resurgent Roman Fever. <br/><br/>The love story was just right – not too over the top, which made it all the more powerful. It's a forbidden love/Rich vs poor/ unequal social status trope book. Which I wouldn't normally go for but I enjoyed it so much! <br/><br/>The last few chapters were tensive, I was glued to the pages. And that ending? It had me yelling! Now I'm itching to grab the second novel ASAP. <br/><br/>This book is a must-read, blending history, empowerment, and a story that grabs you and won't let go.",,,1,0
17571527,My Neighbor Totoro: The Novel,Tsugiko Kubo,"Kubo, Tsugiko",Hayao Miyazaki,"=""1421561204""","=""9781421561202""",4,4.41,VIZ Media LLC,Hardcover,244,2013,1988,2023/11/15,2023/08/13,,,read,,,,1,0
23371451,"Gobbolino, the Witch's Cat",Ursula Moray Williams,"Williams, Ursula Moray",,"=""""","=""""",4,4.12,(Penguin Group) Puffin Books ,Paperback,216,2014,1942,2023/10/29,2023/10/29,,,read,"I picked up “Gobbolino the Witch’s Cat” because the cover was so cute, and the title had me at “witch’s cat.” I mean, anything involving cats and witchy vibes gets me immediately, especially with Halloween being do close. This book is a short and sweet read, perfect for a quick read between heavier books.<br/><br/>Considering it’s geared toward kids, I chose not to judge the book too harshly and instead enjoy Gobbolino’s adventure for what it was. Yes, it might be a bit repetitive at times, and the moral of the story might not be groundbreaking, but that wasn’t the point for me. What mattered was the heartwarming tale of a cat seeking his forever home. Sometimes, that’s all you need from a book. <br/><br/>Gobbolino stole my heart. If I could, I’d adopt him in a heartbeat! ",,,1,0
62797985,"Belladonna (Belladonna, #1)",Adalyn  Grace,"Grace, Adalyn",,"=""1529367263""","=""9781529367263""",4,3.94,Hodder Paperbacks,Paperback,416,2023,2022,2023/10/20,2023/10/12,,,read,"I was immediately drawn into the enchanting world of dark academia, and this book felt like the perfect read for those cozy autumn days. ",,,1,1
55987278,"Once Upon a Broken Heart (Once Upon a Broken Heart, #1)",Stephanie Garber,"Garber, Stephanie",,"=""1250268397""","=""9781250268396""",0,4.06,Flatiron Books,Hardcover,408,2021,2021,,2023/10/19,to-read,to-read (#24),to-read,,,,0,0
27883214,"Caraval (Caraval, #1)",Stephanie Garber,"Garber, Stephanie",,"=""1250095255""","=""9781250095251""",0,3.97,Flatiron Books,Hardcover,407,2017,2016,,2023/10/19,to-read,to-read (#23),to-read,,,,0,0
50659468,"A Court of Mist and Fury (A Court of Thorns and Roses, #2)",Sarah J. Maas,"Maas, Sarah J.",,"=""1635575583""","=""9781635575583""",5,4.63,Bloomsbury Publishing,Paperback,626,2020,2016,2023/03/16,2023/02/19,,,read,,,,1,0
59780078,"A Court of Silver Flames (A Court of Thorns and Roses, #4)",Sarah J. Maas,"Maas, Sarah J.",,"=""1526635364""","=""9781526635365""",5,4.45,Bloomsbury Publishing,Paperback,751,2022,2021,2023/05/29,2023/02/19,,,read,,,,1,0
61425008,"Murder at the Bookstore (The Bookstore Mystery, #1)",Sue Minix,"Minix, Sue",,"=""0008584621""","=""9780008584627""",3,3.26,Avon,Paperback,326,2023,2023,2023/10/12,2023/10/06,,,read,"I stumbled upon ""Murder at the Bookstore"" during one of my usual ""I should really stop buying more books"" strolls in the local bookstore. It wasn't hard to notice with its cute cover – a bookstore, a murder, and a cat? Sold!<br/><br/>Our main character is a budding author who's supposed to be working on her second book after a debut that hit big. But what's she doing instead? Battling the mother of all writer's blocks while getting involved in the investigation of the sudden death of her friend, the bookstore owner she saw every day. Throughout the story, she references the main characters of her book and wonders what they would do in the situations she's currently in, which is a nice touch.<br/><br/>The 'bad' relationship with her mom was so random, I kept thinking, ""Is this relevant? Will it tie into the murder?"" Nah, it doesn't. But hey, in the end, they miraculously go from endless bickering to one big happy family. All's well that ends well, I guess.<br/><br/>The story did pick up in the last 100 pages as we got closer to finding out whodunit. And what do you know, it's the exact person I guessed it would be in the first few pages. I kept hoping for a big plot twist I didn't see coming, but alas!<br/><br/>A heads-up: this book gets pretty graphic towards the end, which was unexpected given its cozy, autumn-mystery vibes. So, be warned if you're not into the gory stuff!<br/><br/>Conclusion: It was predictable but overall an entertaining read and a cute book.",,,1,1
57001669,"Kingdom of the Cursed (Kingdom of the Wicked, #2)",Kerri Maniscalco,"Maniscalco, Kerri",,"=""""","=""""",5,4.08, Jimmy Patterson,Kindle Edition,449,2021,2021,2023/09/30,2023/09/27,,,read,"Omg.. This book, let me tell you, when I thought the first book of this series had me in a chokehold, I was wrong. Kingdom of the Cursed is the second book in the series and it gripped me into it's world even harder than the first. I mean, I could practically hear the hooves of Emilia's horse pounding the ground in certain scenes, like i was there. This series has seriously grown up – it's gone from YA to NA, and you can feel it from as early as chapter 2 ",,,1,1
58470171,"Kingdom of the Feared (Kingdom of the Wicked, #3)",Kerri Maniscalco,"Maniscalco, Kerri",,"=""0316342084""","=""9780316342087""",5,3.85,"Little, Brown Books for Young Readers",Kindle Edition,417,2022,2022,2023/10/06,2023/09/27,,,read,So… this is the end of the series… what do I do now? ,,,1,1
60784546,"Divine Rivals (Letters of Enchantment, #1)",Rebecca   Ross,"Ross, Rebecca",,"=""1250857430""","=""9781250857439""",0,4.15,Wednesday Books,Hardcover,368,2023,2023,,2023/10/06,to-read,to-read (#22),to-read,,,,0,0
89144437,The Spirit Bares Its Teeth,Andrew Joseph White,"White, Andrew Joseph",,"=""1682636186""","=""9781682636183""",0,4.45,Peachtree Teen,Kindle Edition,399,2023,2023,,2023/09/29,to-read,to-read (#21),to-read,,,,0,0
123209297,A Study in Drowning,Ava Reid,"Reid, Ava",,"=""""","=""""",0,3.70,Del Rey,Hardcover,384,2023,2023,,2023/09/29,to-read,to-read (#20),to-read,,,,0,0
61298799,"Legends & Lattes (Legends & Lattes, #1)",Travis Baldree,"Baldree, Travis",,"=""""","=""""",0,4.04,Tor ,Kindle Edition,318,2022,2022,,2023/09/26,to-read,to-read (#19),to-read,,,,0,0
35380161,"The Summer I Turned Pretty (The Summer I Turned Pretty, #1)",Jenny Han,"Han, Jenny",,"=""""","=""""",0,3.74,Simon & Schuster Books For Young Readers,Paperback,276,2010,2009,,2023/09/26,to-read,to-read (#18),to-read,,,,0,0
60428607,Warrior of the Wild,Tricia Levenseller,"Levenseller, Tricia",,"=""1782693742""","=""9781782693741""",0,3.96,Pushkin Children's Books,Paperback,336,2023,2019,,2023/09/25,to-read,to-read (#17),to-read,,,,0,0
62056935,"Twisted Hate (Twisted, #3)",Ana Huang,"Huang, Ana",,"=""1728274885""","=""9781728274881""",3,3.94,Bloom,Paperback,500,2022,2022,2023/09/20,2023/02/19,,,read,"What to expect:<br/>Enemies to Lovers<br/>Best Friend's Brother<br/>Forced Proximity<br/><br/>I'm really torn about this one. The beginning was so promising. I just loved Josh and Jules together, the tension, the banter and the spice!",,,1,0
61782599,"Finding Cinderella (Hopeless, #2.5)",Colleen Hoover,"Hoover, Colleen",,"=""""","=""""",1,3.92,Atria Books,Kindle Edition,176,2022,2013,2023/09/21,2023/09/21,,,read,,,,1,0
60799683,"Twisted Games (Twisted, #2)",Ana Huang,"Huang, Ana",,"=""034943431X""","=""9780349434315""",2,4.08,Piatkus Books,Paperback,438,2022,2021,2023/08/28,2023/02/19,,,read,,,,1,0
60832996,"Twisted Love (Twisted, #1)",Ana Huang,"Huang, Ana",,"=""0349434271""","=""9780349434278""",2,3.71,Piatkus Books,Paperback,359,2022,2021,2023/08/24,2023/02/19,,,read,,,,1,0
40275288,"The Priory of the Orange Tree (The Roots of Chaos, #1)",Samantha Shannon,"Shannon, Samantha",,"=""1408883457""","=""9781408883457""",0,4.17,Bloomsbury Publishing,ebook,848,2019,2019,,2023/09/19,to-read,to-read (#16),to-read,,,,0,0
35216509,"They Both Die at the End (Death-Cast, #1)",Adam Silvera,"Silvera, Adam",,"=""1471166201""","=""9781471166204""",3,3.75,Simon & Schuster,Paperback,373,2017,2017,2023/08/15,2023/04/11,,,read,,,,1,0
60418245,The First to Die at the End,Adam Silvera,"Silvera, Adam",,"=""""","=""""",4,4.00,Simon & Schuster Children's UK,Kindle Edition,570,2022,2022,2023/09/19,2023/09/11,,,read,,,,1,0
66269953,"Before We Say Goodbye (Before the Coffee Gets Cold, #4)",Toshikazu Kawaguchi,"Kawaguchi, Toshikazu",Geoffrey Trousselot,"=""0369747305""","=""9780369747303""",0,3.91,Hanover Square Press,ebook,173,2023,2021,,2023/09/12,to-read,to-read (#15),to-read,,,,0,0
62982904,"An Optimist's Guide to Heartbreak (Heartsong, #1)",Jennifer Hartmann,"Hartmann, Jennifer",,"=""""","=""""",4,4.16,,Kindle Edition,294,2023,2023,2023/02/06,2023/01/25,,,read,,,,1,0
61095754,Maybe in Another Life,Taylor Jenkins Reid,"Reid, Taylor Jenkins",,"=""""","=""""",3,3.79,Washington Square Press,Paperback,333,2015,2015,2023/03/05,2023/02/27,,,read,,,,1,0
8525590,"Wither (The Chemical Garden, #1)",Lauren DeStefano,"DeStefano, Lauren",,"=""1442409053""","=""9781442409057""",2,3.80,Simon & Schuster Books for Young Readers,Hardcover,358,2011,2011,2022/10/25,2022/12/27,,,read,,,,1,0
32620332,The Seven Husbands of Evelyn Hugo,Taylor Jenkins Reid,"Reid, Taylor Jenkins",,"=""1501139231""","=""9781501139239""",4,4.39,Atria Books,Hardcover,389,2017,2017,2023/02/20,2023/02/02,,,read,,,,1,0
50659467,"A Court of Thorns and Roses (A Court of Thorns and Roses, #1)",Sarah J. Maas,"Maas, Sarah J.",,"=""1635575567""","=""9781635575569""",4,4.15,Bloomsbury Publishing,Paperback,419,2020,2015,2023/02/27,2023/01/31,,,read,,,,1,0
13646335,Persuasion,Jane Austen,"Austen, Jane",,"=""0141198834""","=""9780141198835""",3,4.15,Penguin Books,Paperback,256,2012,1817,2023/08/13,2023/07/18,,,read,,,,1,0
44421460,"Before the Coffee Gets Cold (Before the Coffee Gets Cold, #1)",Toshikazu Kawaguchi,"Kawaguchi, Toshikazu",Geoffrey Trousselot,"=""1529029589""","=""9781529029581""",3,3.65,Picador,Paperback,213,2019,2015,2023/08/18,2023/03/01,,,read,,,,1,0
33505285,"A Game of Thrones (A Song of Ice and Fire, #1)",George R.R. Martin,"Martin, George R.R.",,"=""0008228566""","=""9780008228569""",0,4.45,HARPER COLLINS,Hardcover,896,2015,1996,,2023/02/08,to-read,to-read (#2),to-read,,,,0,0
36863725,Animal Farm,George Orwell,"Orwell, George",,"=""0241341663""","=""9780241341667""",0,4.02,Penguin Classic,Paperback,90,2018,1945,,2023/08/13,to-read,to-read (#14),to-read,,,,0,0
61434791,"Twisted (Never After, #4)",Emily McIntire,"McIntire, Emily",,"=""""","=""9798985138085""",0,3.85,Emily McIntire,Kindle Edition,366,2023,2023,,2023/08/13,to-read,to-read (#14),to-read,,,,0,0
40532772,The Call of the Wild,Jack London,"London, Jack",,"=""0241341507""","=""9780241341506""",0,3.92,Penguin,Kindle Edition,149,2018,1903,,2023/08/13,to-read,to-read (#14),to-read,,,,0,0
40916679,"A Good Girl's Guide to Murder (A Good Girl's Guide to Murder, #1)",Holly  Jackson,"Jackson, Holly",,"=""1405293187""","=""9781405293181""",0,4.28,Electric Monkey,Paperback,433,2019,2019,,2023/03/19,to-read,to-read (#7),to-read,,,,0,0
36157052,"De zeven zussen (De zeven zussen, #1)",Lucinda Riley,"Riley, Lucinda","Dieuwke van der Veen, Erica Disco","=""""","=""""",3,4.20,Xander,Paperback,569,2017,2014,2023/07/21,2023/07/18,,,read,,,,1,0
123175662,"King's Bride (Chronicles of Urn, #1)",Beck Michaels,"Michaels, Beck",,"=""""","=""""",0,3.80,Pluma Press,Hardcover,417,2023,2023,,2023/07/17,to-read,to-read (#13),to-read,,,,0,0
63490073,Icebreaker,Hannah  Grace,"Grace, Hannah",,"=""""","=""""",2,3.73,Atria Books,Kindle Edition,447,2022,2022,2023/07/09,2023/06/26,,,read,,,,1,0
21290035,"The Struggle (The Vampire Diaries, #2)",L.J. Smith,"Smith, L.J.",,"=""""","=""""",2,3.44,Hodder Children's Books,Kindle Edition,308,2013,1991,2023/06/26,2023/06/24,,,read,,,,1,0
22586400,"The Awakening (The Vampire Diaries, #1)",L.J. Smith,"Smith, L.J.",,"=""""","=""""",1,3.32,,ebook,221,1991,1991,2023/06/24,2023/06/18,,,read,,,,1,0
52768573,"The Queen of Nothing (The Folk of the Air, #3)",Holly Black,"Black, Holly",,"=""1471407594""","=""9781471407598""",5,4.33,Hot Key Books,Paperback,305,2020,2019,2023/06/18,2023/06/17,,,read,,,,1,0
26032887,"The Wicked King (The Folk of the Air, #2)",Holly Black,"Black, Holly",,"=""0316310336""","=""9780316310338""",4,4.27,"Little, Brown Books for Young Readers",ebook,336,2019,2019,2023/06/17,2023/06/13,,,read,,,,1,0
123177582,De eerlijke vinder,Lize Spit,"Spit, Lize",,"=""9059656784""","=""9789059656789""",1,3.62,CPNB,Hardcover,96,2023,2023,2023/04/01,2023/04/01,,,read,,,,1,0
23352450,The Guest Cat,Takashi Hiraide,"Hiraide, Takashi",Eric Selland,"=""1447279409""","=""9781447279402""",3,3.55,Picador,Paperback,140,2014,2001,2023/06/10,2023/06/10,,,read,,,,1,0
58763686,"Haunting Adeline (Cat and Mouse, #1)",H.D. Carlton,"Carlton, H.D.",,"=""""","=""""",3,3.94,,Kindle Edition,629,2021,2021,2023/06/15,2023/06/06,,,read,,,,1,0
37772713,"The Cruel Prince (The Folk of the Air, #1)",Holly Black,"Black, Holly",,"=""1471407039""","=""9781471407031""",3,4.00,Hot Key Books,Paperback,370,2018,2018,2023/06/10,2023/02/02,,,read,,,,1,0
60626843,"Eternally Damned (Shallow Cove Dimensions, #1)",January Rayne,"Rayne, January",,"=""""","=""""",0,3.74,Raining Romance LLC,Kindle Edition,370,2022,2022,,2023/06/09,to-read,to-read (#12),to-read,,,,0,0
54468020,Several People Are Typing,Calvin Kasulke,"Kasulke, Calvin",,"=""""","=""""",1,3.61,Doubleday,ebook,256,2021,2021,2023/06/03,2023/04/27,,,read,,,,1,0
56269205,"Empire of the Vampire (Empire of the Vampire, #1)",Jay Kristoff,"Kristoff, Jay",Bon Orthwick,"=""1250245281""","=""9781250245281""",0,4.33,St. Martin's Press,Hardcover,739,2021,2021,,2023/06/01,to-read,to-read (#11),to-read,,,,0,0
32887579,"One of Us Is Lying (One of Us Is Lying, #1)",Karen M. McManus,"McManus, Karen M.",,"=""""","=""""",3,3.91,Penguin Books Ltd,Paperback,360,2017,2017,2023/04/10,2023/04/01,,,read,,,,1,0
54659771,"Neon Gods (Dark Olympus, #1)",Katee Robert,"Robert, Katee",,"=""1728231736""","=""9781728231730""",0,3.68,Sourcebooks Casablanca,Paperback,380,2021,2021,,2023/05/23,to-read,to-read (#10),to-read,,,,0,0
50659472,"A Court of Wings and Ruin (A Court of Thorns and Roses, #3)",Sarah J. Maas,"Maas, Sarah J.",,"=""1635575605""","=""9781635575606""",4,4.46,Bloomsbury Publishing,Paperback,699,2020,2017,2023/05/11,2023/02/19,,,read,,,,1,0
53119239,"A Court of Frost and Starlight (A Court of Thorns and Roses, #3.5)",Sarah J. Maas,"Maas, Sarah J.",,"=""1526617188""","=""9781526617187""",3,3.71,Bloomsbury Publishing,Paperback,233,2020,2018,2023/05/16,2023/02/19,,,read,,,,1,0
54954624,The Cat and The City,Nick  Bradley,"Bradley, Nick",,"=""1786499916""","=""9781786499912""",0,3.74,Atlantic Books,Paperback,304,2021,2020,,2023/04/27,to-read,to-read (#9),to-read,,,,0,0
45484397,"The Deal (Off-Campus, #1)",Elle Kennedy,"Kennedy, Elle",,"=""""","=""""",0,4.20,Bloom Books,Paperback,360,2015,2015,,2023/04/12,to-read,to-read (#8),to-read,,,,0,0
34728079,The Travelling Cat Chronicles,Hiro Arikawa,"Arikawa, Hiro",Philip Gabriel,"=""""","=""""",0,4.33,Transworld Digital,Kindle Edition,238,2017,2012,,2023/03/03,to-read,to-read (#6),to-read,,,,0,0
61223213,"Tomorrow, and Tomorrow, and Tomorrow",Gabrielle Zevin,"Zevin, Gabrielle",,"=""""","=""""",0,4.11,Vintage Digital,Kindle Edition,383,2022,2022,,2023/03/03,to-read,to-read (#5),to-read,,,,0,0
58666307,Daughter of the Moon Goddess (The Celestial Kingdom Duology #1),Sue Lynn Tan,"Tan, Sue Lynn",,"=""0008479291""","=""9780008479299""",0,4.06,HarperVoyager ,Hardcover,503,2022,2022,,2023/03/03,to-read,to-read (#4),to-read,,,,0,0
39964740,The Binding,Bridget Collins,"Collins, Bridget",,"=""0008272115""","=""9780008272111""",0,3.85,The Borough Press,Hardcover,437,2019,2019,,2023/03/02,to-read,to-read (#3),to-read,,,,0,0
62982917,"A Pessimist's Guide to Love (Heartsong, #2)",Jennifer Hartmann,"Hartmann, Jennifer",,"=""""","=""""",3,4.00,,Kindle Edition,311,2023,2023,2023/02/16,2023/01/25,,,read,,,,1,0
22557520,"After (After, #1)",Anna Todd,"Todd, Anna",,"=""1476792488""","=""9781476792484""",0,3.72,Gallery Books,Paperback,582,2014,2014,,2023/02/07,to-read,to-read (#1),to-read,,,,0,0
35702241,"The Shadows Between Us (The Stathos Sisters, #1)",Tricia Levenseller,"Levenseller, Tricia",,"=""1250189969""","=""9781250189967""",3,3.81,Feiwel and Friends,Hardcover,326,2020,2020,2023/01/04,2023/01/03,,,read,,,,1,0
74045390,"The Fine Print (Dreamland Billionaires, #1)",Lauren Asher,"Asher, Lauren",,"=""1737507714""","=""9781737507710""",3,3.80,Bloom Books,Paperback,448,2022,2021,2023/02/03,2023/01/25,,,read,,,,1,0
23546634,"The Way I Used to Be (The Way I Used to Be, #1)",Amber   Smith,"Smith, Amber",,"=""""","=""""",3,4.14,Margaret K. McElderry Books,Kindle Edition,385,2016,2016,2023/01/03,2023/01/01,,,read,,,,1,0
58815170,"The Cat Who Saved Books (The Cat Who..., #1)",Sōsuke Natsukawa,"Natsukawa, Sōsuke",Louise Heal Kawai,"=""1529052106""","=""9781529052107""",4,3.71,Picador ,Paperback,220,2021,2017,2023/01/25,2023/01/20,,,read,,,,1,0
51035594,The Do-Over,Lynn Painter,"Painter, Lynn",,"=""""","=""""",4,3.91,Simon Pulse,Hardcover,304,2022,2022,2023/01/19,2023/01/18,,,read,,,,1,0
55215339,"A Touch of Darkness (Hades x Persephone, #1)",Scarlett St.  Clair,"Clair, Scarlett St.",,"=""""","=""""",4,3.80,Scarlett St. Clair,Kindle Edition,379,2020,2019,2023/01/18,2023/01/10,,,read,,,,1,0
36809135,Where the Crawdads Sing,Delia Owens,"Owens, Delia",,"=""0735219117""","=""9780735219113""",2,4.37,G.P. Putnam’s Sons,ebook,384,2018,2018,2023/01/10,2023/01/05,,,read,,,,1,0
32316425,"A Kingdom of Dreams  (Westmoreland, #1)",Judith McNaught,"McNaught, Judith",,"=""1501145487""","=""9781501145483""",4,4.20,Pocket Books,Kindle Edition,468,2016,1989,2022/12/31,2022/12/29,,,read,,,,1,0
11112619,"Fever (The Chemical Garden, #2)",Lauren DeStefano,"DeStefano, Lauren",,"=""144240907X""","=""9781442409071""",1,3.78,Simon & Schuster Children's Publishing,Hardcover,341,2012,2012,2022/10/29,2022/12/27,,,read,,,,1,0
1025178,The Sleeping Beauty,Jacqueline Navin,"Navin, Jacqueline",,"=""0373291787""","=""9780373291786""",3,3.17,Harlequin,Mass Market Paperback,304,2006,2001,2022/10/22,2022/12/27,,,read,,,,1,0
12383869,"Sever (The Chemical Garden, #3)",Lauren DeStefano,"DeStefano, Lauren",,"=""1442409096""","=""9781442409095""",2,3.78,Simon & Schuster Books For Young Readers,Hardcover,371,2013,2013,2022/11/29,2022/12/27,,,read,,,,1,0
